,x,y
0,-0.775474013621,-2.78350906028
1,2.24120813003,0.146408127362
2,4.72844478228,1.55712164845
3,2.7538322529,1.00552355348
4,3.40318653734,2.22102013926
5,-2.02380098051,-2.61086372408
6,-4.32117395085,4.31287535186
7,2.66651564202,1.93859074544
8,4.12085974393,2.22793455551
9,-0.807987600229,-2.18313594664
10,-3.97558909755,3.48892245628
11,-3.44753847408,-1.81080878489
12,-0.431130796066,-3.14456345774
13,1.35072706245,1.94243151038
14,-5.51086479794,4.45869034441
15,-2.49152383149,5.11048768751
16,-1.08996857325,-3.20554420334
17,2.83479884268,2.19674258574
18,-0.552224440665,-2.13488495396
19,3.91247636713,2.35105138136
20,3.81288509634,1.61108302209
21,2.10165480208,1.64324864374
22,-2.8012335175,4.95144978777
23,-3.63305750045,1.21118477127
24,-1.82918507393,-2.73013466436
25,3.5918708057,0.838743470186
26,-4.80351349809,3.3813687004
27,-3.96307064245,4.28468174538
28,-3.86078952383,3.60309920717
29,-2.90006096691,2.89848583905
30,2.35649072104,0.623433947333
31,2.80818972129,3.62197669223
32,-1.39185932976,-2.62765788447
33,4.32306232976,1.05032032412
34,-1.8247441891,-3.66511446419
35,-1.7967218755,-2.47436902969
36,-5.67580579167,4.66105609623
37,-3.16086030309,3.58186507819
38,-0.0155017164807,-2.17660496248
39,3.01800715337,1.5485614962
40,-0.552178838389,-1.57379646575
41,2.7912409052,1.16954302398
42,-4.4277931994,5.67530155055
43,-0.200496312117,-2.30227695428
44,-3.21692804953,4.33378969122
45,-0.977776849656,-3.35727679128
46,2.94198948087,0.165552188409
47,2.93482620573,4.51735091864
48,0.332857520918,1.74049288355
49,3.3500402728,0.676712143742
50,1.78124556612,1.43652242847
51,-2.57583574062,4.00430308602
52,3.76131854042,1.08516313213
53,-2.32266326411,4.27716525169
54,4.71625086286,2.3744671292
55,1.61088809274,1.19589661929
56,-3.90953454691,5.52957818584
57,-6.09462972704,3.95603558638
58,2.33820666395,2.37199078423
59,-1.83048061366,-3.30006284434
60,-2.82204790745,-2.36425865628
61,-3.99596377186,3.46861131257
62,1.76741046982,-2.86344483214
63,-5.15518169865,4.26490709742
64,-2.66298150163,-3.15207135749
65,1.1206805537,2.63585301011
66,4.5403382974,2.03775571712
67,-0.419700684766,-2.69614352066
68,-3.97007977164,4.54754467236
69,-0.475159688804,-4.01648729966
70,3.84462386272,0.187199574694
71,-2.86595406429,5.77624543041
72,-0.809720460038,-1.95530694257
73,-0.922467383309,-4.21659491986
74,-2.36689594225,-2.89765422929
75,-0.793443118947,-2.45436407257
76,3.5474442704,2.1593457132
77,-3.6530849634,3.22001973194
78,1.62768011918,2.0231802615
79,2.72803262851,0.448047380509
80,0.637103936733,-3.27995394111
81,3.53084853793,0.21941478264
82,-2.48745985964,6.16749518377
83,-5.65345150179,3.26008276836
84,0.35171647878,-2.47642775138
85,-0.551382494935,-2.5158002159
86,-4.04118149996,4.62471654808
87,-2.77053030861,-2.52060563111
88,3.10839606956,1.55589317999
89,-3.16914534958,2.96452267577
90,-1.23398487131,-3.6198207328
91,2.03152023109,-0.448741072673
92,-5.26955226665,3.65190442229
93,-3.89437139667,4.51602943853
94,2.65319964684,1.6816591646
95,3.09423055374,0.416064064198
96,3.43682089199,1.69905183143
97,2.84586349167,-0.0411061065954
98,3.27576221381,2.57377118043
99,-2.13660993384,-2.43667337005
100,-3.25466509638,4.46453475013
101,-2.05984465488,-2.87511638298
102,2.74129389456,1.77855325716
103,-5.51128637795,3.15894850109
104,-3.47343190529,5.58752647164
105,3.11914754748,0.672026376854
106,-0.494964863302,-1.63840236297
107,-3.46353587131,3.06631521533
108,-4.50950836069,3.66595783575
109,-5.08229067616,3.82760505846
110,4.16616604298,1.78612525771
111,1.30933566842,1.11588497627
112,-4.55970023047,2.33530582419
113,-2.70430854503,-3.05094418612
114,2.47647854681,0.841719210004
115,5.51028871635,1.03886654287
116,2.43876062133,2.05769826594
117,-2.01615123871,-4.09109532083
118,-2.11220597476,-2.33622044693
119,4.87581410968,0.966384014538
120,2.61599310772,1.94102961917
121,-4.67425696558,5.20741028054
122,2.33160523572,1.54220952124
123,-5.69649706942,3.72097812709
124,3.63933604079,1.93329490267
125,-1.14253682375,-3.75518463282
126,3.80579381776,-0.0415444306898
127,-2.41243843618,3.79994493861
128,-3.40023853534,3.66708064251
129,0.81362475102,-3.25257105426
130,-0.869950114226,-3.12512110177
131,-1.36830340412,-1.77334552355
132,0.248035173501,0.600789643008
133,-4.93560529099,4.62032792421
134,-3.4981922978,2.01998281095
135,-6.17884527157,4.67709419572
136,-3.86977030464,3.7371586367
137,-1.5851945243,-2.47718424814
138,-3.67918032994,3.36863418514
139,-2.17485319832,2.69974561475
140,-3.88553915093,3.88592279009
141,-1.33621910979,-2.02811419924
142,0.879745090953,-2.93286499674
143,-3.30136187835,5.55343355628
144,-2.91246401559,4.22662098023
145,-1.40211467906,-1.75853205013
146,-3.69004500321,2.85744797815
147,-3.82125835081,4.01509505949
148,3.53684766052,2.44456579224
149,5.11412128914,0.0374052869119
150,1.28700776742,-0.483827359668
151,-0.445125944428,-2.67807015799
152,1.5200479265,1.81675962911
153,-4.11765222063,2.52647635047
154,-0.932307218463,-2.73234427381
155,-6.18313108896,2.63219633326
156,-1.77814005928,-3.46858123382
157,2.90786750269,1.31531851399
158,4.09126867718,1.25751854961
159,-3.73795121918,4.52140392514
160,3.00646434609,1.91018715836
161,2.26003329774,-0.293177205367
162,-0.710167721891,-0.587211909658
163,2.84738172569,2.9799233914
164,3.11574030091,0.282824699347
165,-0.812037919669,-1.86139613001
166,-3.49877975459,3.51728509146
167,3.47730652795,1.76740265824
168,-4.0686044202,4.22727641913
169,3.7600641916,-0.306712039367
170,-4.07244341003,3.5115355575
171,-0.717562487124,-3.1913862807
172,-3.05498593791,-1.70633692861
173,-2.48587737291,-1.89054630099
174,-4.08585651709,4.37299004192
175,-1.8348766268,-3.52047876785
176,2.94466026065,2.01379489315
177,-0.42031729628,-3.52926434302
178,-1.72189564184,-2.60072628905
179,2.56166800749,1.44107990082
180,-0.637473545796,-1.48809814401
181,-3.32224346434,5.1490200718
182,-3.98883822222,4.63956471212
183,-1.39931004705,-2.15701704701
184,-4.82114023557,2.79992553845
185,3.10940502058,0.857031010167
186,-0.242792968005,-1.49325968581
187,3.23677071146,0.305461990281
188,3.67588159994,2.1943713223
189,-5.39238102498,5.12715354729
190,0.22508021766,-2.16083340304
191,-0.984168831198,-4.06459401479
192,-0.902863337214,-1.62478902217
193,0.920174304655,1.68875492395
194,-3.49886058941,5.02223791845
195,-4.19092856767,5.54380175631
196,-2.77633415032,5.21997340141
197,-1.81954056125,-2.41091888376
198,3.29194475945,-1.01757584992
199,-4.99015590265,3.33177459103
200,-4.47567675188,4.16579146508
201,-1.02148097395,-0.548453277349
202,2.31624565823,1.86752359155
203,3.84154265311,1.67959666259
204,3.27527050687,2.42742006692
205,-3.85939158548,4.41523837194
206,1.79862102849,1.39100459495
207,-0.0985881166892,-1.53306674942
208,-4.44815205129,5.63469861492
209,-4.10883842076,4.17113843695
210,-0.993712450823,-1.28757240994
211,-4.23742913247,4.49437346434
212,-3.87041669408,4.23265820088
213,-2.39972103166,3.17379518884
214,1.02989749998,0.044304826259
215,2.57696091278,1.04221122373
216,2.29489765255,0.49562390947
217,-0.509292205859,-2.51433745634
218,2.86351277403,-0.624580748996
219,-1.62137835162,-0.807562103177
220,-6.00066091295,3.07183936451
221,-0.636086784687,-3.05550811118
222,-1.53294256282,-2.48926040262
223,3.68122562963,-0.913865687775
224,-3.35047222086,3.87665646866
225,-1.55683719825,-3.24887335152
226,-3.00873568311,-2.6792515475
227,-5.12013883617,2.70693443826
228,0.315525593465,-2.81993105995
229,-0.156821392224,-2.41547383996
230,-0.746772338943,-3.07417256325
231,-3.04914820688,3.2388999712
232,-0.689862548082,-2.11977302702
233,2.26078909534,2.71768457576
234,2.56432829675,-0.255251164124
235,1.28515826497,2.40043922861
236,3.88475835898,1.91887682625
237,-1.32390238896,-2.01746598909
238,-1.29858478532,-0.104321522035
239,3.65959023698,0.49030516911
240,-0.00845600328555,-2.78964342395
241,3.0157112683,1.17830271032
242,2.78491045389,2.55900882744
243,2.96257394432,2.01414093017
244,-3.61995947611,3.55237855333
245,-1.29641065368,-2.0106346645
246,3.8761310773,0.604888801828
247,-1.77234583171,-1.66054202232
248,-2.64078826896,-2.90012175265
249,-0.56895302863,-4.19602846221
250,4.46777852758,1.20319684734
251,-0.829435660008,-2.76458804733
252,-6.32252913771,2.93871446773
253,1.86145198407,1.09385272515
254,-3.27987524758,3.13519522261
255,-3.58716197021,3.26778450905
256,-3.2144456168,1.23101901287
257,-2.71595299785,-3.06207565957
258,-0.664549620386,-2.31497490752
259,3.41225925549,0.171983276728
260,-0.0977468014514,-4.55294905911
261,-4.8963541857,3.64979513661
262,3.23712298978,1.93026177119
263,-1.92352740166,-4.06403922714
264,-3.71318101281,3.69205899848
265,-3.33927078195,4.91361452151
266,1.74023975746,1.13385315297
267,4.83542522094,0.904106891344
268,-5.65762787269,3.27665275547
269,3.25645645665,2.3718533596
270,3.10970544498,3.08101966191
271,-2.13918252473,-3.66445456991
272,3.1476887375,1.83496143395
273,-0.00252842590729,-1.29689009286
274,-1.25660714,-2.19337603681
275,3.0930019691,2.14901690505
276,-0.35760412867,-2.16846027245
277,-3.74930789902,2.92619701338
278,-3.42384692646,4.51359015761
279,-1.05986214174,-2.60022916322
280,-0.724352245659,-0.318751592197
281,3.74413160143,1.30031821447
282,3.94707613296,0.221715326053
283,-4.04521896784,5.3913242335
284,2.47638746114,1.46134505745
285,2.83060550018,0.544787043306
286,1.74254973396,1.98106973918
287,-4.87842521795,4.28653524635
288,3.04386824579,0.66104808813
289,3.00909814431,1.80028264479
290,3.17190592797,1.12053590822
291,-1.36708868676,-3.24647631283
292,0.657712592294,-1.26318374274
293,3.52544790545,2.22560247521
294,-4.05829184493,4.7721929405
295,-3.38568120861,4.22763858606
296,-2.38179590582,4.34601333406
297,-4.62921642979,2.92067574539
298,-2.40105279285,-4.74281997942
299,4.05839409823,-0.0644906497321
300,2.19321534276,1.69971243262
301,3.48516559082,-0.739893883978
302,4.52588197607,2.11373369321
303,-1.21227308009,-0.735557108106
304,-1.33761053633,-3.95587538436
305,-0.821208620132,-3.56248800441
306,2.560665699,2.33469380575
307,0.227964685525,-4.22247661618
308,0.506893422314,-2.55090303623
309,2.95970043449,3.14119723249
310,-0.591653678506,-1.3723009567
311,-3.72585927344,4.61925294731
312,-4.49957266044,4.16655021853
313,-0.996343866481,-1.77089527675
314,2.00362873605,2.6144126234
315,-3.98604191092,4.38207714751
316,3.50049869376,0.686727957312
317,-1.306948137,-0.925507392284
318,-0.467996326674,-2.75961382597
319,-4.6220479816,4.33981983998
320,-1.42904969171,-2.70894651362
321,-4.48734032849,3.88938193699
322,-1.23075463169,-4.14994638112
323,-0.665355014722,-2.68383324271
324,-0.355298383222,-5.37871609155
325,-2.38989876933,-3.30226569185
326,-5.10260044977,4.43360794729
327,-0.670888244347,-3.77097137077
328,-4.41897879698,4.08304797397
329,-3.03153442466,3.83323876904
330,0.832780091251,2.1223812897
331,3.19983576436,0.0988099635439
332,-2.69103858177,4.1319084012
333,1.85914709622,0.238908651406
334,-1.13377703693,-1.907791842
335,3.02172713104,1.92961861077
336,2.73737456396,-0.65130694484
337,3.20385033043,1.96505428871
338,1.52677968638,1.63441990205
339,-0.704434016649,-2.16608563145
340,-1.26948150659,-3.27822332729
341,3.78778085639,2.42128703825
342,-1.58090790856,-2.41860264392
343,-3.55170240076,2.55928314818
344,1.70429558346,0.218867167388
345,-2.83521792416,-2.79371398654
346,3.67067411858,0.369519057808
347,-1.32752662896,-4.48046469181
348,1.92532943761,1.64136328687
349,1.89856491393,-4.54493491177
350,-3.68342118947,4.75224586197
351,4.2859078742,1.32897642165
352,-3.40389740076,-2.90167556804
353,-1.23118043048,-1.13702926001
354,-2.93769567471,2.25037429882
355,2.80520645083,2.39128100594
356,3.52490498364,-0.299006605846
357,-3.98328020217,4.03908818329
358,4.57020741623,2.85064220289
359,3.1720093346,0.554306269349
360,0.270802781954,-3.33586356527
361,-0.511156062545,-0.902711434494
362,3.87149929628,0.440108765795
363,-0.370469364952,-3.91927016685
364,-2.63777883993,3.00450663174
365,2.63655338622,2.85656933934
366,-2.06595902243,-3.30419524944
367,-0.325402510757,-3.84891006784
368,-4.59712494072,3.6519174157
369,2.65223924826,1.87072714182
370,0.173451728597,0.0102134543183
371,-0.283830445234,-0.405493290734
372,-1.90750073533,-2.88696685097
373,-2.02969566832,-1.9365098105
374,3.07493369683,1.08341846294
375,-5.25178403911,3.55720601601
376,-3.48252882727,3.41421896768
377,-5.39808698243,4.7624995598
378,-3.44071857893,4.41177293784
379,-5.01271713407,4.63203808728
380,-2.59434076249,5.22606881909
381,-4.93347932274,3.20436315334
382,-2.76476715139,3.97357562727
383,-0.436461556616,-3.51826565138
384,-5.2115670985,4.58364746314
385,-1.05145728105,-1.38620830893
386,-2.35099526645,3.58152512243
387,-4.2398133966,5.47882551498
388,2.99615146432,2.55310979648
389,1.60576790756,1.64709926993
390,-2.65751269291,2.69039711441
391,-0.977931937345,-3.76134842533
392,2.79504388296,3.02317857779
393,-2.77651533112,-4.20580983773
394,4.23393302589,2.15970456976
395,-0.253507466479,-3.60904377924
396,-0.987179346536,-1.78981883014
397,3.08442334121,0.584395499455
398,-0.76523518639,-4.50557564661
399,2.02840340088,2.32811708562
400,-1.62813651762,-2.09703536752
401,-0.964590169494,-3.56592451611
402,-4.8728234167,3.54267251677
403,-3.88824711361,5.28254310672
404,-2.00376372097,-1.93897207789
405,-0.073320265277,-1.93467655152
406,-1.81481074431,3.99939894251
407,1.36843164746,0.205050426652
408,-2.82913068504,4.83505613553
409,-5.78589777053,2.77304463989
410,-0.768870492811,-1.31993167887
411,-1.81117635608,-2.51903706831
412,-4.06269922497,4.55440945823
413,-5.58194968702,2.23765946494
414,0.883435067274,2.24822016136
415,3.4274276409,1.66964980255
416,-3.84026496933,4.67122192566
417,3.752826617,-0.165536318221
418,-1.81555590055,-3.13714407566
419,-2.56540320289,-2.65279319211
420,3.38246875809,1.40699801189
421,4.32381638635,0.523877148277
422,3.17741204156,2.58986453088
423,-3.42127890818,4.24491831932
424,-2.73758137735,-2.73297555963
425,2.86824705008,1.43131864548
426,-1.5540607272,-3.57978384225
427,-1.21657982814,-2.31658760212
428,2.77791726515,2.58916067877
429,-5.4229311733,4.25761444063
430,-5.43346814826,4.71091520666
431,-0.961848159524,-1.37327872799
432,-1.39570240115,-2.13904136995
433,-4.72791227168,3.4989473122
434,2.8551807362,1.2782923173
435,-2.27972099185,-2.45620831813
436,-4.67510900007,1.00705020644
437,2.44984048825,1.92749865547
438,3.03492458402,0.288107432536
439,-4.29702312672,4.67554277754
440,2.97777241427,1.1032068707
441,-4.84790949459,4.85496775947
442,2.82470430901,2.13550182402
443,-4.68072892334,5.78651705583
444,2.15454897964,-0.296466807155
445,-3.76295690108,4.47517447053
446,-0.910826952414,-3.03799549069
447,-5.53035781764,4.49063306131
448,-3.685359741,4.69169649294
449,-1.13668511478,-2.47071404566
450,-2.35557140254,4.79595958851
451,2.82600169388,1.93283700666
452,-1.92967794052,-2.91383114815
453,-0.911482239648,-3.33858154371
454,-6.00347829573,5.03799973812
455,-4.94149623383,4.3178976858
456,-4.22888610297,4.23617500758
457,-3.92059819311,4.16634959404
458,3.57209787248,0.544130398854
459,-3.15164881578,5.66999815033
460,-2.61066414852,-4.02172361952
461,-0.717793347467,-2.08997557747
462,0.985121052714,1.34596651812
463,4.08894273388,1.64465972196
464,-0.244106069552,-2.41237192973
465,-3.07787664695,-2.0942453314
466,-4.46148561416,4.22539846135
467,-3.71539750986,5.76892327215
468,2.2549261549,0.912986729075
469,-1.7901967054,-0.946514114449
470,-2.67537912177,4.76100687923
471,1.383618904,1.06224520795
472,-2.21835562638,4.25823994893
473,-1.33869143174,-3.62661233212
474,3.17777139784,0.31209319941
475,-3.71905595135,4.63537768247
476,-0.423899934049,-3.40775194887
477,3.26529877101,0.192745402558
478,-2.4356632898,-1.09890359106
479,-3.7970411485,2.29931688944
480,-0.22738757794,-4.1087326724
481,4.19552979632,0.540941356535
482,-1.03391375648,-3.10605899957
483,3.76337793881,-0.465681139448
484,-1.37377985993,-2.86249528494
485,-4.4860910342,4.1208454974
486,-2.54953690461,-1.85413359542
487,1.86641159645,0.155137301674
488,-0.911334963128,-1.62967675173
489,-4.61395224244,4.24256627712
490,0.241709349241,-4.47601252735
491,-0.867249922034,-3.53820940301
492,-2.9899302304,-3.69668142565
493,-5.02195052977,3.01767926071
494,4.47689597135,2.19668951589
495,4.60051130098,0.192541438995
496,-0.693545147407,-3.58162748292
497,-4.00025976499,4.9121001289
498,-3.21521964442,3.46071824293
499,-1.77593783572,-3.65379911828
500,-0.662093645067,-4.5318079187
501,1.73208816432,1.00965952189
502,-2.61862115633,5.96779899705
503,0.0400713678792,-2.02572946252
504,-0.285788919249,-3.57630144445
505,-2.52567696256,4.51242487517
506,-4.39646056841,3.11992370365
507,-1.53860349276,-3.81214763595
508,-4.21648040978,4.40719772594
509,-2.83656111963,-4.01668862355
510,-0.398453824796,-0.944694031533
511,-2.35106771325,-1.97635838245
512,2.59296861211,0.0317891155781
513,-3.84180448113,3.17968041888
514,-3.96616084264,4.39605569649
515,-2.11499603807,-1.87786555854
516,-2.47423726125,2.59528705024
517,-2.47720843665,4.38902536179
518,-3.65526881352,4.35645436217
519,5.42131191734,5.14637511471
520,2.5202939648,-0.396270676236
521,2.07820726379,1.51077749549
522,-3.34037300604,4.26139885142
523,2.07978608256,2.10190305842
524,2.69782705992,1.94545986494
525,-4.12055048618,5.08938421227
526,-5.27108067534,2.53237274283
527,4.12264155794,2.83152287192
528,-0.476693016253,-2.44523497012
529,3.12871804813,2.1466497374
530,1.9121819655,0.995511317092
531,-4.57448259808,5.78748888172
532,0.651912192739,1.13993251618
533,-1.74597640306,4.22709920947
534,2.71599765119,1.80655701944
535,2.55363245035,2.69927750186
536,4.45293831917,0.071206138012
537,4.48920024083,1.05354620711
538,3.81740159417,0.683190259776
539,0.892914352549,-4.83168589406
540,5.20644443523,0.759997629468
541,-5.58581597079,3.40457684227
542,-2.95919307153,3.40288884335
543,-2.57382921633,3.86036939287
544,-4.00695623775,3.23173217759
545,-1.2084233149,-1.43321033475
546,-4.63291789297,3.0156029535
547,3.41032414296,0.814111894739
548,-3.04953465969,4.49592349397
549,-1.34618959003,-1.71900826104
550,-3.9180784296,3.018054587
551,1.85250576376,2.82006649096
552,-2.34756671143,-2.56963876769
553,-5.37910808425,4.26325429512
554,-2.7021844276,4.82381862866
555,-4.94860113686,2.33142728955
556,-3.2104138775,2.39174582632
557,-4.42547626378,2.76558963043
558,-3.21070854975,3.83418035593
559,3.2923322252,-0.902588401636
560,-3.64609649068,4.82663116071
561,2.57840198259,1.01573739996
562,2.51099521925,1.40155163946
563,-1.22819220111,-2.57643622851
564,-2.31658192264,-3.61708997921
565,-4.5648419493,3.63338042813
566,-0.176734258851,-2.23604708795
567,-0.949998696149,-0.689204581207
568,-3.09468826834,-4.0394565274
569,-4.13171992362,3.70730109486
570,4.54042872058,3.09690049835
571,-0.631038513475,-3.39401637943
572,-3.54711355519,4.27644838817
573,-1.8100547264,-3.59842370428
574,-2.07075901431,-0.847695666237
575,2.63226194132,1.86171000445
576,3.75036966506,0.740166447423
577,-6.37356810842,3.87264777773
578,2.80574908775,0.179400373724
579,-0.854340083856,-1.88509315051
580,5.28682438863,2.54264351826
581,-5.56139237109,4.63617917693
582,-2.53572913597,4.29006664223
583,-1.96262220508,-3.85750857981
584,3.13054180903,2.6264662627
585,-3.73383507714,4.56834911408
586,-4.22372285404,3.03535692518
587,4.04053702246,2.52047134285
588,-4.66465716901,3.13258282743
589,3.47483328551,1.01554185499
590,2.70868030976,1.51985424755
591,-3.4698691146,2.91395536994
592,3.11009601312,-0.128746837982
593,-4.32052840613,3.88032260918
594,-2.24257238137,2.82870484683
595,-2.36853664952,2.99771616813
596,1.57639406146,0.738740744654
597,-0.830297443918,-2.71142915447
598,-2.89211059391,4.00313192696
599,-2.34465320841,-2.47612164813
600,2.13428749171,1.3697861525
601,-0.822376255914,-3.2536882868
602,2.09578178473,1.45195586081
603,-5.46882729818,3.17790025529
604,0.122938020657,-1.9922559435
605,-1.46198473876,-2.05834990123
606,2.0717962323,1.4671459919
607,2.70071382147,2.27644415299
608,2.45144993373,1.41216964852
609,2.48568482279,1.11057964459
610,2.22923151513,1.08662781834
611,-4.5420867976,3.67585828057
612,3.44157795202,2.08876202257
613,-0.859518639742,-3.26509316834
614,0.0320969034261,-2.94818646025
615,-3.43759628726,4.64772887604
616,-3.58604796175,5.26227067624
617,-1.95550296006,-2.25434013084
618,-2.42044417995,-2.18349788597
619,-5.60829005139,2.7999280648
620,-1.60381372645,-2.27337880133
621,-0.813681006206,-2.2757596876
622,4.21343022902,0.374189056349
623,1.49409067923,-2.48204834183
624,5.17261541808,1.33477195141
625,0.682842694594,-4.10326801423
626,-1.20073972043,-2.93748973866
627,1.55046412525,-0.228628761363
628,-5.5798685505,5.4497171434
629,-0.724643643533,-3.21891858696
630,2.27770441178,1.02718366236
631,-4.1356570844,4.23071657978
632,2.5336167921,1.04076725134
633,-5.33479964008,3.66409918322
634,-0.489336326354,-3.06110416533
635,-4.05961121881,-3.0188157193
636,-0.84746209292,-2.90178838488
637,-1.6996918662,-3.30047132295
638,-0.723452255542,-3.08643185097
639,-4.19082741673,3.97735730875
640,-0.986444763558,-2.84744668468
641,-4.24940496276,4.26165930877
642,1.59306348061,1.81990559991
643,0.85684311767,2.88770689142
644,-2.99715864167,2.41231768157
645,-0.351587961378,-2.51965475331
646,-0.0894757090173,-3.20149894833
647,-1.78643054513,-2.08668875309
648,2.28452622084,1.63931233941
649,-2.21133840044,-1.95742017144
650,1.76163670254,-0.0871015177435
651,-4.41180003706,2.7656611483
652,-4.04836958013,3.0602795187
653,-4.30294424871,3.56789691341
654,-3.35309915687,4.96985570199
655,-4.65332503384,3.95372296493
656,-3.47174128289,5.48357397021
657,3.78014905779,1.64347197401
658,-1.86479296676,-1.80466930182
659,-2.38062476242,-2.82235931813
660,3.65982020997,0.0369973188181
661,0.974294286736,-3.54218313982
662,2.2530230976,1.56748856592
663,-3.88301526096,5.03875290623
664,-4.00703900751,5.06774038034
665,-1.72124723487,-2.62589422949
666,-4.73770517727,2.30813722715
667,3.09557318785,1.71138598519
668,-4.88363832192,3.79351460379
669,-6.36941833451,4.76707352503
670,1.87063057149,1.77506549357
671,-0.617192094533,-3.94213881542
672,3.15745384165,1.47784218076
673,3.02603694791,0.69576171328
674,3.73189931569,1.72696570105
675,-1.64922346268,0.0826817482581
676,-2.65422114653,3.49113878064
677,-3.94114522523,3.45912251272
678,-0.197579956236,-2.30089769072
679,-4.2304492868,4.48904962892
680,-2.59941723421,3.98801215466
681,-3.61879686317,4.4326757058
682,-3.42011360826,4.75849952051
683,3.19151131665,2.47316191821
684,-3.82543208267,3.24224282536
685,-4.62396391792,3.91131886382
686,-2.10297538354,-0.363602795626
687,4.52704374331,-0.586601404812
688,3.923119776,2.38440751387
689,-4.18860190954,3.08922865019
690,2.87659190671,0.516671731101
691,2.52642981814,1.79046034142
692,4.32383350437,0.787404654141
693,3.38534978334,1.63686730722
694,2.67192234401,2.22885382875
695,2.07193238872,-0.573969925009
696,4.5731967015,0.794988088253
697,4.46605870715,0.2923070922
698,-1.64460204739,-3.27537614411
699,2.67666503141,1.2412010042
700,-1.8468418284,-1.36094752249
701,-1.65914450496,-2.77599633424
702,-5.01238963918,2.39437994013
703,-4.43284363583,4.06056262212
704,1.44469846342,1.47739641275
705,-1.54546343973,-1.72480127961
706,2.87798733757,2.4316450676
707,-3.06067988319,3.8186507732
708,-1.25577668285,-3.63155736343
709,-2.01221663686,3.56504261715
710,3.61237163995,1.08829592874
711,-0.917977410921,-3.24789367935
712,-5.15677365055,4.03548994044
713,-4.84583427767,3.81058396633
714,2.66801758691,-0.250346607787
715,-1.38952910659,-1.57872938617
716,-0.201850165304,-3.85335951635
717,1.70069988088,-1.39380650332
718,3.37841924384,1.14891191032
719,4.71969565142,0.545086463966
720,4.50810667277,2.71037290496
721,3.23446205389,2.14662281258
722,3.29633284565,1.60835789237
723,-3.52676968676,3.65015990262
724,-4.99170199428,3.36110919506
725,-4.09334239682,4.96596077878
726,-3.31549244992,3.36196231378
727,2.21876809742,0.908527452319
728,2.58780302181,0.475598244723
729,0.993113052179,0.706631474751
730,-1.68329827574,-1.46501828869
731,-1.85658294627,-1.99908232526
732,-0.870708311052,-2.85172887908
733,3.2056439551,-0.172358795998
734,-0.177019644709,-2.45533443935
735,-3.10793027463,4.39841119714
736,-1.16259617454,-3.57919754683
737,-0.775187584732,-3.79121888316
738,-2.55362481266,-0.76695770126
739,3.25128981138,0.257040472018
740,-1.69362657162,-2.09742303114
741,3.81122384596,0.269357203017
742,-1.03728815714,-1.48554051987
743,-1.34208048647,-4.22290575104
744,-0.00700295067605,-3.8613264348
745,4.31795329503,0.065306165454
746,-2.66514837208,-1.50110568473
747,-1.95148133202,3.94224634588
748,-1.03532267125,-1.07171646617
749,3.52608269897,0.478708440513
750,-1.52170256062,-3.44179770086
751,-4.55146605395,2.95427674895
752,-2.17097364549,4.47829446901
753,3.51419225681,2.06476261656
754,-0.951175630547,-1.48399436255
755,-0.873971470335,-2.05837795854
756,-1.56414136617,-1.97932461025
757,3.17618749696,0.611201910255
758,-5.35647314373,4.34445452032
759,-0.87279350723,-2.15568283695
760,-5.10531072006,4.23629954495
761,-2.72966939455,4.08310601664
762,-3.12947432057,3.22292942442
763,-5.01951656881,4.28825945013
764,3.80626106184,2.1525649726
765,3.04722569392,0.287459859752
766,-2.97327865958,4.58497748963
767,-6.18533927682,4.61825470658
768,3.40857487962,1.53581275368
769,-1.77196636756,-3.08813493309
770,-0.299748658757,-1.62557686235
771,-4.05066412716,4.52598463642
772,-2.68676166521,-2.59638986234
773,-0.895412730869,-3.69427728046
774,-4.7954502901,4.94428053526
775,3.70684795948,0.545645769994
776,-3.86306778337,5.26612400995
777,1.42856787675,0.840067896124
778,-5.05200025117,2.58985822103
779,-0.962052454918,-1.99956591739
780,1.68760229828,1.80524495215
781,0.612769509144,-4.5776592981
782,3.66766737333,0.625603043468
783,-5.19547000914,2.74908319973
784,4.80340765472,3.22059461122
785,-5.56562072268,1.98255467629
786,-3.4509175954,4.55956934848
787,-0.934178560558,-2.12681043851
788,-1.60019332915,-0.71563546018
789,-2.47706947529,-2.179749831
790,3.96939868353,1.76841606383
791,1.65338025841,0.467996686884
792,-2.36395714151,-3.0031858505
793,-3.82697833683,2.79826828644
794,-1.53214483436,-1.20315438573
795,-1.87928898602,-4.16542556967
796,-2.20413208388,-3.87417317249
797,0.654298684133,-3.41054992117
798,-3.49218707001,3.46922156612
799,-3.32209535688,5.35477552146
800,3.94371436012,1.78876918011
801,3.06831482723,2.48667073426
802,-3.81898841098,3.77392925595
803,3.2758887772,1.74993578605
804,-3.02805995767,2.66045807712
805,-3.53828718767,5.44997423275
806,-2.4405919074,5.42218910818
807,3.9953255617,0.020341587748
808,-3.08721465216,4.68254546935
809,-1.60979868694,-1.84365558661
810,-0.93297582188,-3.85961715387
811,-5.53684727865,5.29995347918
812,-0.0218434910428,-2.65198959878
813,-4.98695906962,3.33324691493
814,2.89148616935,1.36978642151
815,-1.32898290999,-3.9734308265
816,-3.5481695629,4.192970628
817,0.691440006565,0.521188288677
818,-2.7759727807,-4.47339310575
819,2.72126804621,-0.349052442535
820,-0.863490127171,-2.2457375696
821,1.65141803001,-2.59608564643
822,2.96409485611,1.75715905462
823,-2.3953763065,-3.08375038453
824,4.43152387399,1.78698410985
825,-2.15359942873,-1.77476155146
826,-3.21007710526,4.09735256941
827,-3.30662506406,5.46683475725
828,-1.96545960084,-2.21258808976
829,-1.44114681047,-2.17087770744
830,-0.730755279936,-3.35924870839
831,-3.87890906927,4.89072441108
832,-2.99106888612,3.35135700025
833,3.02996049509,2.37902060934
834,-4.52752011934,2.52828662893
835,-4.31673762549,2.51028522507
836,-3.95784089142,3.2306041704
837,-1.35695751994,-4.4314212676
838,2.64910666318,-0.0106500771048
839,-2.94276718086,3.42505806817
840,-5.41116038141,4.27059998799
841,1.19681893116,0.298111772793
842,-6.58289196359,3.45884776774
843,-0.12081302668,-4.37829084747
844,0.0916907725302,-1.8421524965
845,-5.85628766651,5.10021967045
846,-4.55773819153,3.74019336092
847,-3.21485610317,2.25408669857
848,2.49150080157,0.202228282735
849,3.41415782531,0.351933621087
850,-2.00636095927,-2.94560665292
851,-2.83001736764,-2.83630731258
852,-5.53278545259,1.46448330986
853,-5.01674066509,3.49903500637
854,-4.84538565466,4.77582040798
855,2.97946845027,0.785094974529
856,-1.07214444424,-1.92444976676
857,2.7570540216,2.29736221543
858,1.85742374428,1.90917503339
859,-2.03280647188,-2.38635471502
860,-3.22470582319,2.1378772099
861,-3.82364289982,4.86797825944
862,-2.06785506583,-1.90907473543
863,-0.978837803627,-0.361226207912
864,-6.64716037772,3.88792235817
865,0.624835042804,-2.65924700009
866,0.0239578789522,-3.56356212895
867,-3.76765772301,3.80021530369
868,-4.5894113476,3.98551984254
869,-3.17143098221,4.27570523504
870,-1.29036781893,-2.54645749293
871,-3.48550291716,5.79325429593
872,1.25599923462,1.04568267784
873,-2.34410424838,-2.75029277102
874,-3.64604641624,3.05174877378
875,-2.97870856793,1.68059147315
876,-2.06741613865,-3.02995828407
877,3.52231867044,0.171541347308
878,-1.4147428834,-3.73146232275
879,-2.17802455974,-2.72177759183
880,2.89985603401,0.316228328132
881,-4.6968770756,3.84421290817
882,3.31923791038,0.525085941314
883,-2.5293346148,4.32083349055
884,-0.231466409488,-1.24727272519
885,-1.72847090301,3.69917515048
886,-3.67516267782,3.50977240245
887,-3.47734974386,3.64196751256
888,-1.14797632139,-2.21465905299
889,2.67974409929,1.50092857538
890,-4.35219112717,3.66194126565
891,-0.387696805248,-3.7936375038
892,4.02458886953,1.29156072732
893,-1.30867344393,-1.87096480221
894,-3.28526891413,4.23718672835
895,0.238151986778,-2.6912839541
896,3.16568351775,1.11851121253
897,-0.896450900319,-3.88669803326
898,3.54573192516,2.07715034407
899,-1.40664957233,-2.08181526417
900,0.0953091954037,-2.60384811067
901,3.52881913062,0.401197147807
902,-3.91476305969,3.87343495491
903,4.21969682176,0.615140774033
904,-0.409047692941,-1.6202907279
905,3.96561789768,0.19213072474
906,-2.02505038032,-4.51495086483
907,-3.07721442015,3.53853104055
908,2.69321788123,1.69181960534
909,-3.80694106471,4.57735116812
910,-2.85254664088,2.9500724905
911,-3.24496849118,2.35846201753
912,-1.13778816406,-3.04894512251
913,4.14539572384,0.443707071341
914,-3.84390907454,3.77948294447
915,-0.952289714814,-3.7793027583
916,4.30618436546,1.85129695641
917,-2.63570835524,-2.25724840445
918,1.00082361579,1.93441611161
919,-4.22252120271,4.2503061283
920,3.99264960172,1.87271260197
921,-0.112585665273,-2.47868517975
922,-0.605494311219,-1.33883270736
923,-3.25152149865,3.48144538446
924,1.07720586257,0.00213444713563
925,-4.76083449544,1.71222614502
926,2.62440478133,1.4368215078
927,-5.32253319676,4.6218189739
928,3.45313102241,2.15991790862
929,-3.9689751868,2.76590227088
930,-3.40767231534,5.15023796527
931,3.18685612729,1.53584127344
932,-3.35004850191,4.96100823208
933,3.00776581652,0.377373512965
934,0.177756054353,-3.07258344815
935,-1.31258790611,-4.33453770647
936,4.57612620053,-0.273775624355
937,-3.14584922133,4.15682448247
938,-3.28633877465,-1.89071096882
939,3.92796459133,1.42901094255
940,0.701329502774,1.84469416853
941,-0.240434767776,-2.75050824736
942,3.25735595401,0.270637497967
943,-0.383466620818,-1.52318293806
944,3.48290372408,0.238302560821
945,-3.74081492469,5.02531083981
946,1.0814225455,2.36518732933
947,0.83074255633,-2.48121806632
948,-1.11097660831,-3.83360809892
949,-4.84164599203,3.44266841093
950,-5.27346684078,4.51165678118
951,-1.40265228468,-4.53091262145
952,4.36157336489,1.55579876285
953,1.9008546747,0.631772899102
954,-4.87950537983,3.68668014753
955,2.16164934155,-0.405255373389
956,-1.0318879339,-1.71413841498
957,-0.208083964605,-3.84377209225
958,4.39653079335,2.25888585875
959,-3.7022940548,3.03892400784
960,-3.6800923442,4.88642766907
961,-1.28271176983,-1.7804158759
962,-0.797878204179,-2.68705546355
963,-4.76540307183,3.34495980273
964,-4.24233133415,3.69955488426
965,4.2150920239,1.76323184353
966,0.419797766154,-4.03857328086
967,2.4021552465,-0.733752235642
968,-0.832289060546,-2.14247926237
969,1.71613242878,-3.15658689599
970,2.63776705566,1.57816975714
971,3.90015238053,2.27029817081
972,-0.723611271901,-2.30096773569
973,3.11471668926,0.268352001483
974,-4.50263259247,4.92889666489
975,1.90548295636,1.03037764161
976,-4.73598670016,4.49586940033
977,-1.24520966455,-3.81945593001
978,3.04150739222,2.52957605413
979,-0.81096456307,-3.08082248616
980,-5.35479788326,3.80531484219
981,-2.33992539799,4.21949541484
982,-2.52840071875,5.36565050491
983,-2.91270092983,3.14738774488
984,2.14062194626,2.2912774144
985,-1.36245696014,-3.12994546486
986,-4.23504985651,4.63140314772
987,-4.35037526775,4.97245631417
988,6.11156752422,-1.52280759807
989,1.4128434485,1.98747517642
990,0.670032491496,-0.111355314299
991,2.63600183478,0.653942864871
992,-4.1372153432,2.12384741207
993,-0.321565523865,-2.28844523399
994,-4.03230617273,4.65876157819
995,-1.70545215429,-2.74686628146
996,-1.73578724261,-2.30409952182
997,-3.94565919169,2.52834176053
998,-1.3387038146,-3.65411526172
999,2.52124481048,1.1636557303
